Prompt Name,Unlock Tier
Social Commerce Store (TikTok Shop),Free
Sustainable E-commerce Store,Free
No-Code AI App Builder Service,Free
Course Creation Consultancy,Free
Mental Health App for Remote Workers,Free
Micro-Influencer Marketplace,Free
Subscription Box for Remote Workers,Free
AI Content Creation Agency,Free
Senior Tech Support Service,Free
Smart Home Installation Service,Free
Personal Branding Consultancy,Free
Mobile Car Care Service,Free
Hyperlocal Delivery Network,Free
Pet Health Monitoring Service,Free
Coworking Space for Creators,Free
Sustainable Fashion Rental Platform,Free
Micro-SaaS for Remote Teams,Creator
Creator Management Platform,Creator
Micro-Investment App for Gen Z,Creator
AI Implementation Consultancy,Creator
AI-Powered Project Management Tool,Creator
Carbon Footprint Tracking SaaS,Creator
Carbon Credit Marketplace for SMBs,Creator
Smart Vending Machine Business,Creator
Freelancer Financial Management,Creator
Influencer CRM Platform,Creator
Sustainable Product Marketplace,Creator
Digital Estate Planning Service,Creator
Local Fitness Coaching with VR,Creator
B2B Lead Generation SaaS,Creator
Remote Work Transition Consulting,Creator
AI-Powered Personal Finance Coach,Professional
Corporate Wellness Platform,Professional
Electric Vehicle Charging Network,Professional
Virtual Assistant Matching Platform,Professional
Professional Skills Bootcamp,Professional
AI Voice Assistant for Seniors,Professional
AI Content Creation Studio,Professional
Telemedicine Platform for Rural Areas,Professional
AI Mental Health Screening App,Professional
Personalized Nutrition Planning Service,Professional
Creator Analytics & Growth Platform,Professional
Podcast Production Agency,Professional
Virtual Event Production Company,Professional
Language Learning for Remote Workers,Professional
Digital Marketing Funnel Builder,Professional
App Localization Service,Creator
Blockchain Invoice Platform,Creator
Voice-based Marketplace,Professional
Remote Interview Platform,Professional
Health Data Dashboard,Creator
Photo Licensing Agency,Free
Legal Contract Generator,Professional
Virtual Coworking Platform,Professional
AI CRM for Solopreneurs,Free
Niche Content Marketplace,Creator
B2B Podcast Network,Professional
Automated Webinar Platform,Professional
Crowdsourced Testing Platform,Creator
Product Hunt Launch Assistant,Creator
